showtime,available,movieModel,cinemaModel,createdAt,updatedAt,id
2017/12/27 09:00,43,1,1,2017-12-24T14:59:59.880Z,2017-12-24T14:59:59.880Z,1
2017/12/27 09:50,90,1,1,2017-12-24T14:59:59.880Z,2017-12-24T14:59:59.880Z,2
2017/12/27 11:40,14,1,1,2017-12-24T14:59:59.880Z,2017-12-24T14:59:59.880Z,3
2017/12/27 12:30,66,1,1,2017-12-24T14:59:59.880Z,2017-12-24T14:59:59.880Z,4
2017/12/27 13:30,63,1,1,2017-12-24T14:59:59.880Z,2017-12-24T14:59:59.880Z,5
2017/12/27 14:20,64,1,1,2017-12-24T14:59:59.880Z,2017-12-24T14:59:59.880Z,6
2017/12/27 15:10,94,1,1,2017-12-24T14:59:59.880Z,2017-12-24T14:59:59.880Z,7
2017/12/27 16:10,58,1,1,2017-12-24T14:59:59.880Z,2017-12-24T14:59:59.880Z,8
2017/12/27 17:00,86,1,1,2017-12-24T14:59:59.880Z,2017-12-24T14:59:59.880Z,9
2017/12/27 17:50,48,1,1,2017-12-24T14:59:59.880Z,2017-12-24T14:59:59.880Z,10
2017/12/27 18:50,8,1,1,2017-12-24T14:59:59.880Z,2017-12-24T14:59:59.880Z,11
2017/12/27 19:40,25,1,1,2017-12-24T14:59:59.880Z,2017-12-24T14:59:59.880Z,12
2017/12/27 20:30,26,1,1,2017-12-24T14:59:59.880Z,2017-12-24T14:59:59.880Z,13
2017/12/27 21:30,49,1,1,2017-12-24T14:59:59.880Z,2017-12-24T14:59:59.880Z,14
2017/12/27 22:20,82,1,1,2017-12-24T14:59:59.880Z,2017-12-24T14:59:59.880Z,15
2017/12/27 23:10,32,1,1,2017-12-24T14:59:59.880Z,2017-12-24T14:59:59.880Z,16
2017/12/28 01:00,75,1,1,2017-12-24T14:59:59.880Z,2017-12-24T14:59:59.880Z,17
2017/12/27 10:05,3,1,9,2017-12-24T14:59:59.880Z,2017-12-24T14:59:59.880Z,18
2017/12/27 13:40,68,1,9,2017-12-24T14:59:59.880Z,2017-12-24T14:59:59.880Z,19
2017/12/27 16:20,33,1,9,2017-12-24T14:59:59.880Z,2017-12-24T14:59:59.880Z,20
2017/12/27 19:50,94,1,9,2017-12-24T14:59:59.880Z,2017-12-24T14:59:59.880Z,21
2017/12/27 21:25,68,1,9,2017-12-24T14:59:59.880Z,2017-12-24T14:59:59.880Z,22
2017/12/28 00:05,98,1,9,2017-12-24T14:59:59.880Z,2017-12-24T14:59:59.880Z,23
2017/12/28 01:20,71,1,9,2017-12-24T14:59:59.880Z,2017-12-24T14:59:59.880Z,24
2017/12/27 10:40,63,1,4,2017-12-24T14:59:59.880Z,2017-12-24T14:59:59.880Z,25
2017/12/27 13:00,64,1,4,2017-12-24T14:59:59.880Z,2017-12-24T14:59:59.880Z,26
2017/12/27 15:05,15,1,4,2017-12-24T14:59:59.880Z,2017-12-24T14:59:59.880Z,27
2017/12/27 17:40,11,1,4,2017-12-24T14:59:59.880Z,2017-12-24T14:59:59.880Z,28
2017/12/27 20:00,50,1,4,2017-12-24T14:59:59.880Z,2017-12-24T14:59:59.880Z,29
2017/12/27 12:20,89,1,15,2017-12-24T14:59:59.880Z,2017-12-24T14:59:59.880Z,30
2017/12/27 16:40,13,1,15,2017-12-24T14:59:59.880Z,2017-12-24T14:59:59.880Z,31
2017/12/27 23:00,96,1,15,2017-12-24T14:59:59.880Z,2017-12-24T14:59:59.880Z,32
2017/12/27 10:10,37,1,11,2017-12-24T14:59:59.880Z,2017-12-24T14:59:59.880Z,33
2017/12/27 12:45,81,1,11,2017-12-24T14:59:59.880Z,2017-12-24T14:59:59.880Z,34
2017/12/27 15:20,58,1,11,2017-12-24T14:59:59.880Z,2017-12-24T14:59:59.880Z,35
2017/12/27 17:55,76,1,11,2017-12-24T14:59:59.880Z,2017-12-24T14:59:59.880Z,36
2017/12/27 20:30,52,1,11,2017-12-24T14:59:59.880Z,2017-12-24T14:59:59.880Z,37
2017/12/27 23:10,96,1,11,2017-12-24T14:59:59.880Z,2017-12-24T14:59:59.880Z,38
2017/12/27 14:30,79,1,12,2017-12-24T14:59:59.880Z,2017-12-24T14:59:59.880Z,39
2017/12/27 19:10,16,1,12,2017-12-24T14:59:59.880Z,2017-12-24T14:59:59.880Z,40
2017/12/27 16:40,73,1,16,2017-12-24T14:59:59.880Z,2017-12-24T14:59:59.880Z,41
2017/12/27 23:00,17,1,16,2017-12-24T14:59:59.880Z,2017-12-24T14:59:59.880Z,42
2017/12/27 10:50,86,1,17,2017-12-24T14:59:59.880Z,2017-12-24T14:59:59.880Z,43
2017/12/27 12:00,65,1,17,2017-12-24T14:59:59.880Z,2017-12-24T14:59:59.880Z,44
2017/12/27 13:25,69,1,17,2017-12-24T14:59:59.880Z,2017-12-24T14:59:59.880Z,45
2017/12/27 14:35,61,1,17,2017-12-24T14:59:59.880Z,2017-12-24T14:59:59.880Z,46
2017/12/27 15:15,4,1,17,2017-12-24T14:59:59.880Z,2017-12-24T14:59:59.880Z,47
2017/12/27 16:00,79,1,17,2017-12-24T14:59:59.880Z,2017-12-24T14:59:59.880Z,48
2017/12/27 17:10,17,1,17,2017-12-24T14:59:59.880Z,2017-12-24T14:59:59.880Z,49
2017/12/27 17:50,56,1,17,2017-12-24T14:59:59.880Z,2017-12-24T14:59:59.880Z,50
2017/12/27 18:35,95,1,17,2017-12-24T14:59:59.880Z,2017-12-24T14:59:59.880Z,51
2017/12/27 19:45,11,1,17,2017-12-24T14:59:59.880Z,2017-12-24T14:59:59.880Z,52
2017/12/27 20:25,87,1,17,2017-12-24T14:59:59.880Z,2017-12-24T14:59:59.880Z,53
2017/12/27 21:10,69,1,17,2017-12-24T14:59:59.880Z,2017-12-24T14:59:59.880Z,54
2017/12/27 22:20,37,1,17,2017-12-24T14:59:59.880Z,2017-12-24T14:59:59.880Z,55
2017/12/27 23:00,1,1,17,2017-12-24T14:59:59.880Z,2017-12-24T14:59:59.880Z,56
2017/12/27 23:45,4,1,17,2017-12-24T14:59:59.880Z,2017-12-24T14:59:59.880Z,57
2017/12/27 10:30,10,1,21,2017-12-24T14:59:59.880Z,2017-12-24T14:59:59.880Z,58
2017/12/27 13:10,18,1,21,2017-12-24T14:59:59.880Z,2017-12-24T14:59:59.880Z,59
2017/12/27 18:00,35,1,21,2017-12-24T14:59:59.880Z,2017-12-24T14:59:59.880Z,60
2017/12/27 20:40,14,1,21,2017-12-24T14:59:59.880Z,2017-12-24T14:59:59.880Z,61
2017/12/27 09:10,4,1,13,2017-12-24T14:59:59.880Z,2017-12-24T14:59:59.880Z,62
2017/12/27 11:35,79,1,13,2017-12-24T14:59:59.880Z,2017-12-24T14:59:59.880Z,63
2017/12/27 14:10,25,1,13,2017-12-24T14:59:59.880Z,2017-12-24T14:59:59.880Z,64
2017/12/27 16:45,8,1,13,2017-12-24T14:59:59.880Z,2017-12-24T14:59:59.880Z,65
2017/12/27 18:20,42,1,13,2017-12-24T14:59:59.880Z,2017-12-24T14:59:59.880Z,66
2017/12/27 20:40,31,1,13,2017-12-24T14:59:59.880Z,2017-12-24T14:59:59.880Z,67
2017/12/27 22:00,7,1,13,2017-12-24T14:59:59.880Z,2017-12-24T14:59:59.880Z,68
2017/12/27 09:05,90,1,2,2017-12-24T14:59:59.880Z,2017-12-24T14:59:59.880Z,69
2017/12/27 14:30,94,1,2,2017-12-24T14:59:59.880Z,2017-12-24T14:59:59.880Z,70
2017/12/27 20:55,95,1,2,2017-12-24T14:59:59.880Z,2017-12-24T14:59:59.880Z,71
2017/12/28 00:55,78,1,2,2017-12-24T14:59:59.880Z,2017-12-24T14:59:59.880Z,72
2017/12/27 09:50,14,1,10,2017-12-24T14:59:59.880Z,2017-12-24T14:59:59.880Z,73
2017/12/27 10:40,5,1,10,2017-12-24T14:59:59.880Z,2017-12-24T14:59:59.880Z,74
2017/12/27 11:30,41,1,10,2017-12-24T14:59:59.880Z,2017-12-24T14:59:59.880Z,75
2017/12/27 13:15,64,1,10,2017-12-24T14:59:59.880Z,2017-12-24T14:59:59.880Z,76
2017/12/27 14:10,84,1,10,2017-12-24T14:59:59.880Z,2017-12-24T14:59:59.880Z,77
2017/12/27 15:00,57,1,10,2017-12-24T14:59:59.880Z,2017-12-24T14:59:59.880Z,78
2017/12/27 15:50,52,1,10,2017-12-24T14:59:59.880Z,2017-12-24T14:59:59.880Z,79
2017/12/27 16:45,80,1,10,2017-12-24T14:59:59.880Z,2017-12-24T14:59:59.880Z,80
2017/12/27 18:25,24,1,10,2017-12-24T14:59:59.880Z,2017-12-24T14:59:59.880Z,81
2017/12/27 19:20,28,1,10,2017-12-24T14:59:59.880Z,2017-12-24T14:59:59.880Z,82
2017/12/27 20:10,93,1,10,2017-12-24T14:59:59.880Z,2017-12-24T14:59:59.880Z,83
2017/12/27 21:00,99,1,10,2017-12-24T14:59:59.880Z,2017-12-24T14:59:59.880Z,84
2017/12/27 21:55,66,1,10,2017-12-24T14:59:59.880Z,2017-12-24T14:59:59.880Z,85
2017/12/27 22:45,38,1,10,2017-12-24T14:59:59.880Z,2017-12-24T14:59:59.880Z,86
2017/12/27 23:35,95,1,10,2017-12-24T14:59:59.880Z,2017-12-24T14:59:59.880Z,87
2017/12/28 00:30,92,1,10,2017-12-24T14:59:59.880Z,2017-12-24T14:59:59.880Z,88
2017/12/27 10:00,77,1,6,2017-12-24T14:59:59.880Z,2017-12-24T14:59:59.880Z,89
2017/12/27 12:40,52,1,6,2017-12-24T14:59:59.880Z,2017-12-24T14:59:59.880Z,90
2017/12/27 15:30,75,1,6,2017-12-24T14:59:59.880Z,2017-12-24T14:59:59.880Z,91
2017/12/27 18:10,38,1,6,2017-12-24T14:59:59.880Z,2017-12-24T14:59:59.880Z,92
2017/12/27 20:50,95,1,6,2017-12-24T14:59:59.880Z,2017-12-24T14:59:59.880Z,93
2017/12/27 23:30,73,1,6,2017-12-24T14:59:59.880Z,2017-12-24T14:59:59.880Z,94
2017/12/27 09:00,48,1,3,2017-12-24T14:59:59.880Z,2017-12-24T14:59:59.880Z,95
2017/12/27 11:40,66,1,3,2017-12-24T14:59:59.880Z,2017-12-24T14:59:59.880Z,96
2017/12/27 16:00,21,1,3,2017-12-24T14:59:59.880Z,2017-12-24T14:59:59.880Z,97
2017/12/27 17:00,34,1,3,2017-12-24T14:59:59.880Z,2017-12-24T14:59:59.880Z,98
2017/12/27 19:40,64,1,3,2017-12-24T14:59:59.880Z,2017-12-24T14:59:59.880Z,99
2017/12/27 20:50,81,1,3,2017-12-24T14:59:59.880Z,2017-12-24T14:59:59.880Z,100
2017/12/27 22:15,59,1,3,2017-12-24T14:59:59.880Z,2017-12-24T14:59:59.880Z,101
2017/12/28 00:50,20,1,3,2017-12-24T14:59:59.880Z,2017-12-24T14:59:59.880Z,102
2017/12/27 10:00,76,1,14,2017-12-24T14:59:59.880Z,2017-12-24T14:59:59.880Z,103
2017/12/27 12:30,59,1,14,2017-12-24T14:59:59.880Z,2017-12-24T14:59:59.880Z,104
2017/12/27 15:00,76,1,14,2017-12-24T14:59:59.880Z,2017-12-24T14:59:59.880Z,105
2017/12/27 15:50,17,1,14,2017-12-24T14:59:59.880Z,2017-12-24T14:59:59.880Z,106
2017/12/27 17:30,74,1,14,2017-12-24T14:59:59.880Z,2017-12-24T14:59:59.880Z,107
2017/12/27 18:20,76,1,14,2017-12-24T14:59:59.880Z,2017-12-24T14:59:59.880Z,108
2017/12/27 20:00,66,1,14,2017-12-24T14:59:59.880Z,2017-12-24T14:59:59.880Z,109
2017/12/27 20:50,39,1,14,2017-12-24T14:59:59.880Z,2017-12-24T14:59:59.880Z,110
2017/12/27 22:30,99,1,14,2017-12-24T14:59:59.880Z,2017-12-24T14:59:59.880Z,111
2017/12/27 23:20,68,1,14,2017-12-24T14:59:59.880Z,2017-12-24T14:59:59.880Z,112
2017/12/27 09:50,75,1,7,2017-12-24T14:59:59.880Z,2017-12-24T14:59:59.880Z,113
2017/12/27 12:30,74,1,7,2017-12-24T14:59:59.880Z,2017-12-24T14:59:59.880Z,114
2017/12/27 15:10,67,1,7,2017-12-24T14:59:59.880Z,2017-12-24T14:59:59.880Z,115
2017/12/27 17:50,84,1,7,2017-12-24T14:59:59.880Z,2017-12-24T14:59:59.880Z,116
2017/12/27 20:30,3,1,7,2017-12-24T14:59:59.880Z,2017-12-24T14:59:59.880Z,117
2017/12/27 11:30,71,1,5,2017-12-24T14:59:59.880Z,2017-12-24T14:59:59.880Z,118
2017/12/27 14:05,20,1,5,2017-12-24T14:59:59.880Z,2017-12-24T14:59:59.880Z,119
2017/12/27 16:40,69,1,5,2017-12-24T14:59:59.880Z,2017-12-24T14:59:59.880Z,120
2017/12/27 19:15,60,1,5,2017-12-24T14:59:59.880Z,2017-12-24T14:59:59.880Z,121
2017/12/27 21:50,18,1,5,2017-12-24T14:59:59.880Z,2017-12-24T14:59:59.880Z,122
2017/12/27 22:55,95,1,5,2017-12-24T14:59:59.880Z,2017-12-24T14:59:59.880Z,123
2017/12/27 11:20,57,1,8,2017-12-24T14:59:59.880Z,2017-12-24T14:59:59.880Z,124
2017/12/27 14:00,97,1,8,2017-12-24T14:59:59.880Z,2017-12-24T14:59:59.880Z,125
2017/12/27 16:40,44,1,8,2017-12-24T14:59:59.880Z,2017-12-24T14:59:59.880Z,126
2017/12/27 19:20,40,1,8,2017-12-24T14:59:59.880Z,2017-12-24T14:59:59.880Z,127
2017/12/27 22:00,45,1,8,2017-12-24T14:59:59.880Z,2017-12-24T14:59:59.880Z,128
2017/12/28 00:40,76,1,8,2017-12-24T14:59:59.880Z,2017-12-24T14:59:59.880Z,129
2017/12/27 13:30,94,1,18,2017-12-24T14:59:59.880Z,2017-12-24T14:59:59.880Z,130
2017/12/27 16:20,57,1,18,2017-12-24T14:59:59.880Z,2017-12-24T14:59:59.880Z,131
2017/12/27 19:10,68,1,18,2017-12-24T14:59:59.880Z,2017-12-24T14:59:59.880Z,132
2017/12/27 20:30,75,1,18,2017-12-24T14:59:59.880Z,2017-12-24T14:59:59.880Z,133
2017/12/27 22:00,86,1,18,2017-12-24T14:59:59.880Z,2017-12-24T14:59:59.880Z,134
2017/12/27 10:00,41,1,19,2017-12-24T14:59:59.880Z,2017-12-24T14:59:59.880Z,135
2017/12/27 12:40,37,1,19,2017-12-24T14:59:59.880Z,2017-12-24T14:59:59.880Z,136
2017/12/27 15:20,93,1,19,2017-12-24T14:59:59.880Z,2017-12-24T14:59:59.880Z,137
2017/12/27 18:00,44,1,19,2017-12-24T14:59:59.880Z,2017-12-24T14:59:59.880Z,138
2017/12/27 20:40,94,1,19,2017-12-24T14:59:59.880Z,2017-12-24T14:59:59.880Z,139
2017/12/27 09:50,69,1,20,2017-12-24T14:59:59.880Z,2017-12-24T14:59:59.880Z,140
2017/12/27 12:20,93,1,20,2017-12-24T14:59:59.880Z,2017-12-24T14:59:59.880Z,141
2017/12/27 14:50,48,1,20,2017-12-24T14:59:59.880Z,2017-12-24T14:59:59.880Z,142
2017/12/27 17:20,17,1,20,2017-12-24T14:59:59.880Z,2017-12-24T14:59:59.880Z,143
2017/12/27 19:50,45,1,20,2017-12-24T14:59:59.880Z,2017-12-24T14:59:59.880Z,144
2017/12/27 22:30,57,1,20,2017-12-24T14:59:59.880Z,2017-12-24T14:59:59.880Z,145
2017/12/27 09:00,66,2,1,2017-12-24T14:59:59.880Z,2017-12-24T14:59:59.880Z,146
2017/12/27 11:00,59,2,1,2017-12-24T14:59:59.880Z,2017-12-24T14:59:59.880Z,147
2017/12/27 12:00,93,2,1,2017-12-24T14:59:59.880Z,2017-12-24T14:59:59.880Z,148
2017/12/27 13:00,43,2,1,2017-12-24T14:59:59.880Z,2017-12-24T14:59:59.880Z,149
2017/12/27 14:00,3,2,1,2017-12-24T14:59:59.880Z,2017-12-24T14:59:59.880Z,150
2017/12/27 15:00,62,2,1,2017-12-24T14:59:59.880Z,2017-12-24T14:59:59.880Z,151
2017/12/27 17:00,47,2,1,2017-12-24T14:59:59.880Z,2017-12-24T14:59:59.880Z,152
2017/12/27 19:00,20,2,1,2017-12-24T14:59:59.880Z,2017-12-24T14:59:59.880Z,153
2017/12/27 21:00,59,2,1,2017-12-24T14:59:59.880Z,2017-12-24T14:59:59.880Z,154
2017/12/27 22:00,5,2,1,2017-12-24T14:59:59.880Z,2017-12-24T14:59:59.880Z,155
2017/12/27 23:00,28,2,1,2017-12-24T14:59:59.880Z,2017-12-24T14:59:59.880Z,156
2017/12/28 00:00,87,2,1,2017-12-24T14:59:59.880Z,2017-12-24T14:59:59.880Z,157
2017/12/27 09:55,30,2,9,2017-12-24T14:59:59.880Z,2017-12-24T14:59:59.880Z,158
2017/12/27 11:00,56,2,9,2017-12-24T14:59:59.880Z,2017-12-24T14:59:59.880Z,159
2017/12/27 12:05,61,2,9,2017-12-24T14:59:59.880Z,2017-12-24T14:59:59.880Z,160
2017/12/27 13:05,100,2,9,2017-12-24T14:59:59.880Z,2017-12-24T14:59:59.880Z,161
2017/12/27 14:10,97,2,9,2017-12-24T14:59:59.880Z,2017-12-24T14:59:59.880Z,162
2017/12/27 16:15,80,2,9,2017-12-24T14:59:59.880Z,2017-12-24T14:59:59.880Z,163
2017/12/27 17:15,57,2,9,2017-12-24T14:59:59.880Z,2017-12-24T14:59:59.880Z,164
2017/12/27 18:20,51,2,9,2017-12-24T14:59:59.880Z,2017-12-24T14:59:59.880Z,165
2017/12/27 19:20,99,2,9,2017-12-24T14:59:59.880Z,2017-12-24T14:59:59.880Z,166
2017/12/27 21:25,20,2,9,2017-12-24T14:59:59.880Z,2017-12-24T14:59:59.880Z,167
2017/12/27 22:30,32,2,9,2017-12-24T14:59:59.880Z,2017-12-24T14:59:59.880Z,168
2017/12/27 23:30,19,2,9,2017-12-24T14:59:59.880Z,2017-12-24T14:59:59.880Z,169
2017/12/28 00:35,44,2,9,2017-12-24T14:59:59.880Z,2017-12-24T14:59:59.880Z,170
2017/12/27 10:30,59,2,4,2017-12-24T14:59:59.880Z,2017-12-24T14:59:59.880Z,171
2017/12/27 12:30,79,2,4,2017-12-24T14:59:59.880Z,2017-12-24T14:59:59.880Z,172
2017/12/27 14:30,17,2,4,2017-12-24T14:59:59.880Z,2017-12-24T14:59:59.880Z,173
2017/12/27 16:30,68,2,4,2017-12-24T14:59:59.880Z,2017-12-24T14:59:59.880Z,174
2017/12/27 18:00,42,2,4,2017-12-24T14:59:59.880Z,2017-12-24T14:59:59.880Z,175
2017/12/27 20:15,47,2,4,2017-12-24T14:59:59.880Z,2017-12-24T14:59:59.880Z,176
2017/12/27 22:40,42,2,4,2017-12-24T14:59:59.880Z,2017-12-24T14:59:59.880Z,177
2017/12/27 12:20,90,2,15,2017-12-24T14:59:59.880Z,2017-12-24T14:59:59.880Z,178
2017/12/27 10:00,90,2,11,2017-12-24T14:59:59.880Z,2017-12-24T14:59:59.880Z,179
2017/12/27 12:00,22,2,11,2017-12-24T14:59:59.880Z,2017-12-24T14:59:59.880Z,180
2017/12/27 14:00,84,2,11,2017-12-24T14:59:59.880Z,2017-12-24T14:59:59.880Z,181
2017/12/27 16:00,76,2,11,2017-12-24T14:59:59.880Z,2017-12-24T14:59:59.880Z,182
2017/12/27 18:00,98,2,11,2017-12-24T14:59:59.880Z,2017-12-24T14:59:59.880Z,183
2017/12/27 19:00,18,2,11,2017-12-24T14:59:59.880Z,2017-12-24T14:59:59.880Z,184
2017/12/27 20:00,9,2,11,2017-12-24T14:59:59.880Z,2017-12-24T14:59:59.880Z,185
2017/12/27 21:00,17,2,11,2017-12-24T14:59:59.880Z,2017-12-24T14:59:59.880Z,186
2017/12/27 22:00,4,2,11,2017-12-24T14:59:59.880Z,2017-12-24T14:59:59.880Z,187
2017/12/27 23:00,4,2,11,2017-12-24T14:59:59.880Z,2017-12-24T14:59:59.880Z,188
2017/12/27 12:40,57,2,12,2017-12-24T14:59:59.880Z,2017-12-24T14:59:59.880Z,189
2017/12/27 17:20,53,2,12,2017-12-24T14:59:59.880Z,2017-12-24T14:59:59.880Z,190
2017/12/27 17:10,62,2,16,2017-12-24T14:59:59.880Z,2017-12-24T14:59:59.880Z,191
2017/12/27 23:10,90,2,16,2017-12-24T14:59:59.880Z,2017-12-24T14:59:59.880Z,192
2017/12/27 11:30,35,2,17,2017-12-24T14:59:59.880Z,2017-12-24T14:59:59.880Z,193
2017/12/27 13:00,44,2,17,2017-12-24T14:59:59.880Z,2017-12-24T14:59:59.880Z,194
2017/12/27 13:50,1,2,17,2017-12-24T14:59:59.880Z,2017-12-24T14:59:59.880Z,195
2017/12/27 15:50,26,2,17,2017-12-24T14:59:59.880Z,2017-12-24T14:59:59.880Z,196
2017/12/27 17:00,35,2,17,2017-12-24T14:59:59.880Z,2017-12-24T14:59:59.880Z,197
2017/12/27 17:50,17,2,17,2017-12-24T14:59:59.880Z,2017-12-24T14:59:59.880Z,198
2017/12/27 19:50,13,2,17,2017-12-24T14:59:59.880Z,2017-12-24T14:59:59.880Z,199
2017/12/27 21:00,42,2,17,2017-12-24T14:59:59.880Z,2017-12-24T14:59:59.880Z,200
2017/12/27 21:50,11,2,17,2017-12-24T14:59:59.880Z,2017-12-24T14:59:59.880Z,201
2017/12/27 23:00,76,2,17,2017-12-24T14:59:59.880Z,2017-12-24T14:59:59.880Z,202
2017/12/27 23:50,25,2,17,2017-12-24T14:59:59.880Z,2017-12-24T14:59:59.880Z,203
2017/12/27 12:10,29,2,21,2017-12-24T14:59:59.880Z,2017-12-24T14:59:59.880Z,204
2017/12/27 15:50,67,2,21,2017-12-24T14:59:59.880Z,2017-12-24T14:59:59.880Z,205
2017/12/27 21:55,31,2,21,2017-12-24T14:59:59.880Z,2017-12-24T14:59:59.880Z,206
2017/12/27 09:20,70,2,13,2017-12-24T14:59:59.880Z,2017-12-24T14:59:59.880Z,207
2017/12/27 11:20,68,2,13,2017-12-24T14:59:59.880Z,2017-12-24T14:59:59.880Z,208
2017/12/27 13:20,12,2,13,2017-12-24T14:59:59.880Z,2017-12-24T14:59:59.880Z,209
2017/12/27 15:20,9,2,13,2017-12-24T14:59:59.880Z,2017-12-24T14:59:59.880Z,210
2017/12/27 17:20,55,2,13,2017-12-24T14:59:59.880Z,2017-12-24T14:59:59.880Z,211
2017/12/27 19:20,51,2,13,2017-12-24T14:59:59.880Z,2017-12-24T14:59:59.880Z,212
2017/12/27 21:20,8,2,13,2017-12-24T14:59:59.880Z,2017-12-24T14:59:59.880Z,213
2017/12/27 23:20,94,2,13,2017-12-24T14:59:59.880Z,2017-12-24T14:59:59.880Z,214
2017/12/28 01:30,74,2,13,2017-12-24T14:59:59.880Z,2017-12-24T14:59:59.880Z,215
2017/12/27 08:50,63,2,2,2017-12-24T14:59:59.880Z,2017-12-24T14:59:59.880Z,216
2017/12/27 13:10,63,2,2,2017-12-24T14:59:59.880Z,2017-12-24T14:59:59.880Z,217
2017/12/27 21:15,91,2,2,2017-12-24T14:59:59.880Z,2017-12-24T14:59:59.880Z,218
2017/12/27 23:15,32,2,2,2017-12-24T14:59:59.880Z,2017-12-24T14:59:59.880Z,219
2017/12/28 01:15,48,2,2,2017-12-24T14:59:59.880Z,2017-12-24T14:59:59.880Z,220
2017/12/27 09:50,75,2,10,2017-12-24T14:59:59.880Z,2017-12-24T14:59:59.880Z,221
2017/12/27 11:40,99,2,10,2017-12-24T14:59:59.880Z,2017-12-24T14:59:59.880Z,222
2017/12/27 15:30,60,2,10,2017-12-24T14:59:59.880Z,2017-12-24T14:59:59.880Z,223
2017/12/27 19:40,54,2,10,2017-12-24T14:59:59.880Z,2017-12-24T14:59:59.880Z,224
2017/12/27 21:40,58,2,10,2017-12-24T14:59:59.880Z,2017-12-24T14:59:59.880Z,225
2017/12/27 23:40,9,2,10,2017-12-24T14:59:59.880Z,2017-12-24T14:59:59.880Z,226
2017/12/27 10:00,23,2,6,2017-12-24T14:59:59.880Z,2017-12-24T14:59:59.880Z,227
2017/12/27 12:10,26,2,6,2017-12-24T14:59:59.880Z,2017-12-24T14:59:59.880Z,228
2017/12/27 14:20,2,2,6,2017-12-24T14:59:59.880Z,2017-12-24T14:59:59.880Z,229
2017/12/27 16:30,40,2,6,2017-12-24T14:59:59.880Z,2017-12-24T14:59:59.880Z,230
2017/12/27 18:40,40,2,6,2017-12-24T14:59:59.880Z,2017-12-24T14:59:59.880Z,231
2017/12/27 20:50,77,2,6,2017-12-24T14:59:59.880Z,2017-12-24T14:59:59.880Z,232
2017/12/27 09:40,19,2,3,2017-12-24T14:59:59.880Z,2017-12-24T14:59:59.880Z,233
2017/12/27 11:45,47,2,3,2017-12-24T14:59:59.880Z,2017-12-24T14:59:59.880Z,234
2017/12/27 13:50,63,2,3,2017-12-24T14:59:59.880Z,2017-12-24T14:59:59.880Z,235
2017/12/27 15:55,74,2,3,2017-12-24T14:59:59.880Z,2017-12-24T14:59:59.880Z,236
2017/12/27 18:00,83,2,3,2017-12-24T14:59:59.880Z,2017-12-24T14:59:59.880Z,237
2017/12/27 20:05,22,2,3,2017-12-24T14:59:59.880Z,2017-12-24T14:59:59.880Z,238
2017/12/27 22:10,43,2,3,2017-12-24T14:59:59.880Z,2017-12-24T14:59:59.880Z,239
2017/12/28 00:15,53,2,3,2017-12-24T14:59:59.880Z,2017-12-24T14:59:59.880Z,240
2017/12/27 09:50,78,2,14,2017-12-24T14:59:59.880Z,2017-12-24T14:59:59.880Z,241
2017/12/27 11:45,69,2,14,2017-12-24T14:59:59.880Z,2017-12-24T14:59:59.880Z,242
2017/12/27 13:40,34,2,14,2017-12-24T14:59:59.880Z,2017-12-24T14:59:59.880Z,243
2017/12/27 15:35,91,2,14,2017-12-24T14:59:59.880Z,2017-12-24T14:59:59.880Z,244
2017/12/27 17:30,25,2,14,2017-12-24T14:59:59.880Z,2017-12-24T14:59:59.880Z,245
2017/12/27 19:25,60,2,14,2017-12-24T14:59:59.880Z,2017-12-24T14:59:59.880Z,246
2017/12/27 21:20,44,2,14,2017-12-24T14:59:59.880Z,2017-12-24T14:59:59.880Z,247
2017/12/27 23:15,98,2,14,2017-12-24T14:59:59.880Z,2017-12-24T14:59:59.880Z,248
2017/12/27 10:00,20,2,7,2017-12-24T14:59:59.880Z,2017-12-24T14:59:59.880Z,249
2017/12/27 13:45,59,2,7,2017-12-24T14:59:59.880Z,2017-12-24T14:59:59.880Z,250
2017/12/27 18:40,38,2,7,2017-12-24T14:59:59.880Z,2017-12-24T14:59:59.880Z,251
2017/12/27 11:00,38,2,5,2017-12-24T14:59:59.880Z,2017-12-24T14:59:59.880Z,252
2017/12/27 13:00,25,2,5,2017-12-24T14:59:59.880Z,2017-12-24T14:59:59.880Z,253
2017/12/27 15:00,87,2,5,2017-12-24T14:59:59.880Z,2017-12-24T14:59:59.880Z,254
2017/12/27 17:00,27,2,5,2017-12-24T14:59:59.880Z,2017-12-24T14:59:59.880Z,255
2017/12/27 19:00,85,2,5,2017-12-24T14:59:59.880Z,2017-12-24T14:59:59.880Z,256
2017/12/27 21:00,9,2,5,2017-12-24T14:59:59.880Z,2017-12-24T14:59:59.880Z,257
2017/12/27 23:00,58,2,5,2017-12-24T14:59:59.880Z,2017-12-24T14:59:59.880Z,258
2017/12/27 10:20,41,2,8,2017-12-24T14:59:59.880Z,2017-12-24T14:59:59.880Z,259
2017/12/27 12:30,24,2,8,2017-12-24T14:59:59.880Z,2017-12-24T14:59:59.880Z,260
2017/12/27 14:40,18,2,8,2017-12-24T14:59:59.880Z,2017-12-24T14:59:59.880Z,261
2017/12/27 16:50,70,2,8,2017-12-24T14:59:59.880Z,2017-12-24T14:59:59.880Z,262
2017/12/27 19:00,23,2,8,2017-12-24T14:59:59.880Z,2017-12-24T14:59:59.880Z,263
2017/12/27 21:10,21,2,8,2017-12-24T14:59:59.880Z,2017-12-24T14:59:59.880Z,264
2017/12/27 23:20,76,2,8,2017-12-24T14:59:59.880Z,2017-12-24T14:59:59.880Z,265
2017/12/28 01:30,75,2,8,2017-12-24T14:59:59.880Z,2017-12-24T14:59:59.880Z,266
2017/12/27 10:10,38,2,18,2017-12-24T14:59:59.880Z,2017-12-24T14:59:59.880Z,267
2017/12/27 12:20,98,2,18,2017-12-24T14:59:59.880Z,2017-12-24T14:59:59.880Z,268
2017/12/27 15:30,65,2,18,2017-12-24T14:59:59.880Z,2017-12-24T14:59:59.880Z,269
2017/12/27 17:40,15,2,18,2017-12-24T14:59:59.880Z,2017-12-24T14:59:59.880Z,270
2017/12/27 19:40,50,2,18,2017-12-24T14:59:59.880Z,2017-12-24T14:59:59.880Z,271
2017/12/27 22:10,8,2,18,2017-12-24T14:59:59.880Z,2017-12-24T14:59:59.880Z,272
2017/12/27 23:10,44,2,18,2017-12-24T14:59:59.880Z,2017-12-24T14:59:59.880Z,273
2017/12/28 00:10,78,2,18,2017-12-24T14:59:59.880Z,2017-12-24T14:59:59.880Z,274
2017/12/27 10:00,83,2,19,2017-12-24T14:59:59.880Z,2017-12-24T14:59:59.880Z,275
2017/12/27 12:05,74,2,19,2017-12-24T14:59:59.880Z,2017-12-24T14:59:59.880Z,276
2017/12/27 14:10,95,2,19,2017-12-24T14:59:59.880Z,2017-12-24T14:59:59.880Z,277
2017/12/27 16:15,4,2,19,2017-12-24T14:59:59.880Z,2017-12-24T14:59:59.880Z,278
2017/12/27 18:20,29,2,19,2017-12-24T14:59:59.880Z,2017-12-24T14:59:59.880Z,279
2017/12/27 20:25,28,2,19,2017-12-24T14:59:59.880Z,2017-12-24T14:59:59.880Z,280
2017/12/27 22:35,42,2,19,2017-12-24T14:59:59.880Z,2017-12-24T14:59:59.880Z,281
2017/12/27 09:40,19,2,20,2017-12-24T14:59:59.880Z,2017-12-24T14:59:59.880Z,282
2017/12/27 11:30,12,2,20,2017-12-24T14:59:59.880Z,2017-12-24T14:59:59.880Z,283
2017/12/27 13:20,57,2,20,2017-12-24T14:59:59.880Z,2017-12-24T14:59:59.880Z,284
2017/12/27 15:10,55,2,20,2017-12-24T14:59:59.880Z,2017-12-24T14:59:59.880Z,285
2017/12/27 17:00,91,2,20,2017-12-24T14:59:59.880Z,2017-12-24T14:59:59.880Z,286
2017/12/27 18:50,28,2,20,2017-12-24T14:59:59.880Z,2017-12-24T14:59:59.880Z,287
2017/12/27 20:40,56,2,20,2017-12-24T14:59:59.880Z,2017-12-24T14:59:59.880Z,288
2017/12/27 22:30,10,2,20,2017-12-24T14:59:59.880Z,2017-12-24T14:59:59.880Z,289
2017/12/27 12:00,86,3,1,2017-12-24T14:59:59.880Z,2017-12-24T14:59:59.880Z,290
2017/12/27 13:50,74,3,1,2017-12-24T14:59:59.880Z,2017-12-24T14:59:59.880Z,291
2017/12/27 14:50,6,3,1,2017-12-24T14:59:59.880Z,2017-12-24T14:59:59.880Z,292
2017/12/27 16:40,23,3,1,2017-12-24T14:59:59.880Z,2017-12-24T14:59:59.880Z,293
2017/12/27 19:30,63,3,1,2017-12-24T14:59:59.880Z,2017-12-24T14:59:59.880Z,294
2017/12/27 20:30,10,3,1,2017-12-24T14:59:59.880Z,2017-12-24T14:59:59.880Z,295
2017/12/27 23:20,26,3,1,2017-12-24T14:59:59.880Z,2017-12-24T14:59:59.880Z,296
2017/12/28 00:30,19,3,1,2017-12-24T14:59:59.880Z,2017-12-24T14:59:59.880Z,297
2017/12/27 10:20,27,3,9,2017-12-24T14:59:59.880Z,2017-12-24T14:59:59.880Z,298
2017/12/27 13:10,75,3,9,2017-12-24T14:59:59.880Z,2017-12-24T14:59:59.880Z,299
2017/12/27 16:00,63,3,9,2017-12-24T14:59:59.880Z,2017-12-24T14:59:59.880Z,300
2017/12/27 18:50,54,3,9,2017-12-24T14:59:59.880Z,2017-12-24T14:59:59.880Z,301
2017/12/27 21:40,84,3,9,2017-12-24T14:59:59.880Z,2017-12-24T14:59:59.880Z,302
2017/12/28 00:30,23,3,9,2017-12-24T14:59:59.880Z,2017-12-24T14:59:59.880Z,303
2017/12/27 11:00,37,3,4,2017-12-24T14:59:59.880Z,2017-12-24T14:59:59.880Z,304
2017/12/27 13:45,53,3,4,2017-12-24T14:59:59.880Z,2017-12-24T14:59:59.880Z,305
2017/12/27 16:30,21,3,4,2017-12-24T14:59:59.880Z,2017-12-24T14:59:59.880Z,306
2017/12/27 19:15,43,3,4,2017-12-24T14:59:59.880Z,2017-12-24T14:59:59.880Z,307
2017/12/27 22:00,21,3,4,2017-12-24T14:59:59.880Z,2017-12-24T14:59:59.880Z,308
2017/12/27 11:00,46,3,11,2017-12-24T14:59:59.880Z,2017-12-24T14:59:59.880Z,309
2017/12/27 13:50,42,3,11,2017-12-24T14:59:59.880Z,2017-12-24T14:59:59.880Z,310
2017/12/27 16:40,23,3,11,2017-12-24T14:59:59.880Z,2017-12-24T14:59:59.880Z,311
2017/12/27 19:30,96,3,11,2017-12-24T14:59:59.880Z,2017-12-24T14:59:59.880Z,312
2017/12/27 22:20,14,3,11,2017-12-24T14:59:59.880Z,2017-12-24T14:59:59.880Z,313
2017/12/27 12:40,38,3,16,2017-12-24T14:59:59.880Z,2017-12-24T14:59:59.880Z,314
2017/12/27 11:00,63,3,17,2017-12-24T14:59:59.880Z,2017-12-24T14:59:59.880Z,315
2017/12/27 13:50,96,3,17,2017-12-24T14:59:59.880Z,2017-12-24T14:59:59.880Z,316
2017/12/27 16:40,1,3,17,2017-12-24T14:59:59.880Z,2017-12-24T14:59:59.880Z,317
2017/12/27 18:00,8,3,17,2017-12-24T14:59:59.880Z,2017-12-24T14:59:59.880Z,318
2017/12/27 19:30,71,3,17,2017-12-24T14:59:59.880Z,2017-12-24T14:59:59.880Z,319
2017/12/27 20:50,63,3,17,2017-12-24T14:59:59.880Z,2017-12-24T14:59:59.880Z,320
2017/12/27 22:20,78,3,17,2017-12-24T14:59:59.880Z,2017-12-24T14:59:59.880Z,321
2017/12/27 23:40,57,3,17,2017-12-24T14:59:59.880Z,2017-12-24T14:59:59.880Z,322
2017/12/27 09:20,76,3,13,2017-12-24T14:59:59.880Z,2017-12-24T14:59:59.880Z,323
2017/12/27 13:40,42,3,13,2017-12-24T14:59:59.880Z,2017-12-24T14:59:59.880Z,324
2017/12/27 20:50,1,3,13,2017-12-24T14:59:59.880Z,2017-12-24T14:59:59.880Z,325
2017/12/27 23:40,42,3,13,2017-12-24T14:59:59.880Z,2017-12-24T14:59:59.880Z,326
2017/12/27 11:10,29,3,2,2017-12-24T14:59:59.880Z,2017-12-24T14:59:59.880Z,327
2017/12/27 14:00,57,3,2,2017-12-24T14:59:59.880Z,2017-12-24T14:59:59.880Z,328
2017/12/27 16:50,68,3,2,2017-12-24T14:59:59.880Z,2017-12-24T14:59:59.880Z,329
2017/12/27 12:40,55,3,10,2017-12-24T14:59:59.880Z,2017-12-24T14:59:59.880Z,330
2017/12/27 23:40,10,3,10,2017-12-24T14:59:59.880Z,2017-12-24T14:59:59.880Z,331
2017/12/27 11:00,6,3,6,2017-12-24T14:59:59.880Z,2017-12-24T14:59:59.880Z,332
2017/12/27 16:40,29,3,6,2017-12-24T14:59:59.880Z,2017-12-24T14:59:59.880Z,333
2017/12/27 19:30,43,3,6,2017-12-24T14:59:59.880Z,2017-12-24T14:59:59.880Z,334
2017/12/27 22:20,3,3,6,2017-12-24T14:59:59.880Z,2017-12-24T14:59:59.880Z,335
2017/12/27 10:00,1,3,3,2017-12-24T14:59:59.880Z,2017-12-24T14:59:59.880Z,336
2017/12/27 12:50,37,3,3,2017-12-24T14:59:59.880Z,2017-12-24T14:59:59.880Z,337
2017/12/27 15:40,41,3,3,2017-12-24T14:59:59.880Z,2017-12-24T14:59:59.880Z,338
2017/12/27 18:40,69,3,3,2017-12-24T14:59:59.880Z,2017-12-24T14:59:59.880Z,339
2017/12/27 21:35,49,3,3,2017-12-24T14:59:59.880Z,2017-12-24T14:59:59.880Z,340
2017/12/28 00:30,96,3,3,2017-12-24T14:59:59.880Z,2017-12-24T14:59:59.880Z,341
2017/12/27 10:00,29,3,14,2017-12-24T14:59:59.880Z,2017-12-24T14:59:59.880Z,342
2017/12/27 12:45,73,3,14,2017-12-24T14:59:59.880Z,2017-12-24T14:59:59.880Z,343
2017/12/27 15:30,3,3,14,2017-12-24T14:59:59.880Z,2017-12-24T14:59:59.880Z,344
2017/12/27 18:15,44,3,14,2017-12-24T14:59:59.880Z,2017-12-24T14:59:59.880Z,345
2017/12/27 21:00,19,3,14,2017-12-24T14:59:59.880Z,2017-12-24T14:59:59.880Z,346
2017/12/27 23:45,66,3,14,2017-12-24T14:59:59.880Z,2017-12-24T14:59:59.880Z,347
2017/12/27 10:50,86,3,7,2017-12-24T14:59:59.880Z,2017-12-24T14:59:59.880Z,348
2017/12/27 15:50,35,3,7,2017-12-24T14:59:59.880Z,2017-12-24T14:59:59.880Z,349
2017/12/27 20:45,45,3,7,2017-12-24T14:59:59.880Z,2017-12-24T14:59:59.880Z,350
2017/12/27 11:00,44,3,5,2017-12-24T14:59:59.880Z,2017-12-24T14:59:59.880Z,351
2017/12/27 11:45,37,3,5,2017-12-24T14:59:59.880Z,2017-12-24T14:59:59.880Z,352
2017/12/27 13:45,66,3,5,2017-12-24T14:59:59.880Z,2017-12-24T14:59:59.880Z,353
2017/12/27 16:30,47,3,5,2017-12-24T14:59:59.880Z,2017-12-24T14:59:59.880Z,354
2017/12/27 17:15,12,3,5,2017-12-24T14:59:59.880Z,2017-12-24T14:59:59.880Z,355
2017/12/27 19:15,24,3,5,2017-12-24T14:59:59.880Z,2017-12-24T14:59:59.880Z,356
2017/12/27 22:00,88,3,5,2017-12-24T14:59:59.880Z,2017-12-24T14:59:59.880Z,357
2017/12/27 11:30,81,3,8,2017-12-24T14:59:59.880Z,2017-12-24T14:59:59.880Z,358
2017/12/27 14:20,48,3,8,2017-12-24T14:59:59.880Z,2017-12-24T14:59:59.880Z,359
2017/12/27 17:30,26,3,8,2017-12-24T14:59:59.880Z,2017-12-24T14:59:59.880Z,360
2017/12/27 20:20,60,3,8,2017-12-24T14:59:59.880Z,2017-12-24T14:59:59.880Z,361
2017/12/27 23:20,8,3,8,2017-12-24T14:59:59.880Z,2017-12-24T14:59:59.880Z,362
2017/12/27 10:50,98,3,18,2017-12-24T14:59:59.880Z,2017-12-24T14:59:59.880Z,363
2017/12/27 16:00,98,3,18,2017-12-24T14:59:59.880Z,2017-12-24T14:59:59.880Z,364
2017/12/27 21:20,86,3,18,2017-12-24T14:59:59.880Z,2017-12-24T14:59:59.880Z,365
2017/12/27 11:10,25,3,19,2017-12-24T14:59:59.880Z,2017-12-24T14:59:59.880Z,366
2017/12/27 14:05,34,3,19,2017-12-24T14:59:59.880Z,2017-12-24T14:59:59.880Z,367
2017/12/27 19:10,52,3,19,2017-12-24T14:59:59.880Z,2017-12-24T14:59:59.880Z,368
2017/12/27 22:10,46,3,19,2017-12-24T14:59:59.880Z,2017-12-24T14:59:59.880Z,369
2017/12/27 00:25,68,4,1,2017-12-24T14:59:59.880Z,2017-12-24T14:59:59.880Z,370
2017/12/27 09:10,38,4,1,2017-12-24T14:59:59.880Z,2017-12-24T14:59:59.880Z,371
2017/12/27 13:35,31,4,1,2017-12-24T14:59:59.880Z,2017-12-24T14:59:59.880Z,372
2017/12/27 15:45,92,4,1,2017-12-24T14:59:59.880Z,2017-12-24T14:59:59.880Z,373
2017/12/27 20:05,76,4,1,2017-12-24T14:59:59.880Z,2017-12-24T14:59:59.880Z,374
2017/12/27 22:15,42,4,1,2017-12-24T14:59:59.880Z,2017-12-24T14:59:59.880Z,375
2017/12/27 11:35,85,4,9,2017-12-24T14:59:59.880Z,2017-12-24T14:59:59.880Z,376
2017/12/27 15:35,75,4,9,2017-12-24T14:59:59.880Z,2017-12-24T14:59:59.880Z,377
2017/12/27 21:05,40,4,9,2017-12-24T14:59:59.880Z,2017-12-24T14:59:59.880Z,378
2017/12/27 00:15,74,4,9,2017-12-24T14:59:59.880Z,2017-12-24T14:59:59.880Z,379
2017/12/27 10:50,18,4,4,2017-12-24T14:59:59.880Z,2017-12-24T14:59:59.880Z,380
2017/12/27 15:40,25,4,4,2017-12-24T14:59:59.880Z,2017-12-24T14:59:59.880Z,381
2017/12/27 18:10,96,4,11,2017-12-24T14:59:59.880Z,2017-12-24T14:59:59.880Z,382
2017/12/27 22:40,89,4,11,2017-12-24T14:59:59.880Z,2017-12-24T14:59:59.880Z,383
2017/12/27 10:50,45,4,17,2017-12-24T14:59:59.880Z,2017-12-24T14:59:59.880Z,384
2017/12/27 13:00,21,4,17,2017-12-24T14:59:59.880Z,2017-12-24T14:59:59.880Z,385
2017/12/27 15:10,51,4,17,2017-12-24T14:59:59.880Z,2017-12-24T14:59:59.880Z,386
2017/12/27 17:20,86,4,17,2017-12-24T14:59:59.880Z,2017-12-24T14:59:59.880Z,387
2017/12/27 19:30,16,4,17,2017-12-24T14:59:59.880Z,2017-12-24T14:59:59.880Z,388
2017/12/27 21:40,5,4,17,2017-12-24T14:59:59.880Z,2017-12-24T14:59:59.880Z,389
2017/12/27 23:50,10,4,17,2017-12-24T14:59:59.880Z,2017-12-24T14:59:59.880Z,390
2017/12/27 00:10,57,4,10,2017-12-24T14:59:59.880Z,2017-12-24T14:59:59.880Z,391
2017/12/27 10:40,77,4,10,2017-12-24T14:59:59.880Z,2017-12-24T14:59:59.880Z,392
2017/12/27 14:40,73,4,10,2017-12-24T14:59:59.880Z,2017-12-24T14:59:59.880Z,393
2017/12/27 16:50,93,4,10,2017-12-24T14:59:59.880Z,2017-12-24T14:59:59.880Z,394
2017/12/27 19:00,51,4,10,2017-12-24T14:59:59.880Z,2017-12-24T14:59:59.880Z,395
2017/12/27 22:50,73,4,10,2017-12-24T14:59:59.880Z,2017-12-24T14:59:59.880Z,396
2017/12/27 16:10,89,4,6,2017-12-24T14:59:59.880Z,2017-12-24T14:59:59.880Z,397
2017/12/27 20:40,4,4,6,2017-12-24T14:59:59.880Z,2017-12-24T14:59:59.880Z,398
2017/12/27 00:10,2,4,3,2017-12-24T14:59:59.880Z,2017-12-24T14:59:59.880Z,399
2017/12/27 11:00,61,4,3,2017-12-24T14:59:59.880Z,2017-12-24T14:59:59.880Z,400
2017/12/27 15:20,12,4,3,2017-12-24T14:59:59.880Z,2017-12-24T14:59:59.880Z,401
2017/12/27 19:45,46,4,3,2017-12-24T14:59:59.880Z,2017-12-24T14:59:59.880Z,402
2017/12/27 21:55,32,4,3,2017-12-24T14:59:59.880Z,2017-12-24T14:59:59.880Z,403
2017/12/27 00:10,3,4,3,2017-12-24T14:59:59.880Z,2017-12-24T14:59:59.880Z,404
2017/12/27 11:55,34,4,14,2017-12-24T14:59:59.880Z,2017-12-24T14:59:59.880Z,405
2017/12/27 14:00,45,4,14,2017-12-24T14:59:59.880Z,2017-12-24T14:59:59.880Z,406
2017/12/27 16:05,14,4,14,2017-12-24T14:59:59.880Z,2017-12-24T14:59:59.880Z,407
2017/12/27 18:10,50,4,14,2017-12-24T14:59:59.880Z,2017-12-24T14:59:59.880Z,408
2017/12/27 20:15,72,4,14,2017-12-24T14:59:59.880Z,2017-12-24T14:59:59.880Z,409
2017/12/27 22:20,93,4,14,2017-12-24T14:59:59.880Z,2017-12-24T14:59:59.880Z,410
2017/12/27 10:10,49,4,7,2017-12-24T14:59:59.880Z,2017-12-24T14:59:59.880Z,411
2017/12/27 17:55,22,4,7,2017-12-24T14:59:59.880Z,2017-12-24T14:59:59.880Z,412
2017/12/27 23:35,9,4,7,2017-12-24T14:59:59.880Z,2017-12-24T14:59:59.880Z,413
2017/12/27 11:15,44,4,5,2017-12-24T14:59:59.880Z,2017-12-24T14:59:59.880Z,414
2017/12/27 13:30,58,4,5,2017-12-24T14:59:59.880Z,2017-12-24T14:59:59.880Z,415
2017/12/27 15:40,85,4,5,2017-12-24T14:59:59.880Z,2017-12-24T14:59:59.880Z,416
2017/12/27 18:00,57,4,5,2017-12-24T14:59:59.880Z,2017-12-24T14:59:59.880Z,417
2017/12/27 22:20,38,4,5,2017-12-24T14:59:59.880Z,2017-12-24T14:59:59.880Z,418
2017/12/27 00:30,33,4,8,2017-12-24T14:59:59.880Z,2017-12-24T14:59:59.880Z,419
2017/12/27 15:10,80,4,8,2017-12-24T14:59:59.880Z,2017-12-24T14:59:59.880Z,420
2017/12/27 17:30,52,4,8,2017-12-24T14:59:59.880Z,2017-12-24T14:59:59.880Z,421
2017/12/27 19:50,7,4,8,2017-12-24T14:59:59.880Z,2017-12-24T14:59:59.880Z,422
2017/12/27 22:10,47,4,8,2017-12-24T14:59:59.880Z,2017-12-24T14:59:59.880Z,423
2017/12/27 00:30,40,4,8,2017-12-24T14:59:59.880Z,2017-12-24T14:59:59.880Z,424
2017/12/27 12:40,46,4,18,2017-12-24T14:59:59.880Z,2017-12-24T14:59:59.880Z,425
2017/12/27 20:00,59,4,18,2017-12-24T14:59:59.880Z,2017-12-24T14:59:59.880Z,426
2017/12/27 22:10,33,4,18,2017-12-24T14:59:59.880Z,2017-12-24T14:59:59.880Z,427
2017/12/27 11:00,29,4,19,2017-12-24T14:59:59.880Z,2017-12-24T14:59:59.880Z,428
2017/12/27 15:40,21,4,19,2017-12-24T14:59:59.880Z,2017-12-24T14:59:59.880Z,429
2017/12/27 20:20,64,4,19,2017-12-24T14:59:59.880Z,2017-12-24T14:59:59.880Z,430
2017/12/27 00:20,25,5,1,2017-12-24T14:59:59.880Z,2017-12-24T14:59:59.880Z,431
2017/12/27 00:55,8,5,1,2017-12-24T14:59:59.880Z,2017-12-24T14:59:59.880Z,432
2017/12/27 09:00,23,5,1,2017-12-24T14:59:59.880Z,2017-12-24T14:59:59.880Z,433
2017/12/27 10:00,67,5,1,2017-12-24T14:59:59.880Z,2017-12-24T14:59:59.880Z,434
2017/12/27 10:30,96,5,1,2017-12-24T14:59:59.880Z,2017-12-24T14:59:59.880Z,435
2017/12/27 10:55,12,5,1,2017-12-24T14:59:59.880Z,2017-12-24T14:59:59.880Z,436
2017/12/27 11:55,42,5,1,2017-12-24T14:59:59.880Z,2017-12-24T14:59:59.880Z,437
2017/12/27 12:25,3,5,1,2017-12-24T14:59:59.880Z,2017-12-24T14:59:59.880Z,438
2017/12/27 12:50,87,5,1,2017-12-24T14:59:59.880Z,2017-12-24T14:59:59.880Z,439
2017/12/27 13:15,12,5,1,2017-12-24T14:59:59.880Z,2017-12-24T14:59:59.880Z,440
2017/12/27 13:50,48,5,1,2017-12-24T14:59:59.880Z,2017-12-24T14:59:59.880Z,441
2017/12/27 14:20,75,5,1,2017-12-24T14:59:59.880Z,2017-12-24T14:59:59.880Z,442
2017/12/27 14:45,85,5,1,2017-12-24T14:59:59.880Z,2017-12-24T14:59:59.880Z,443
2017/12/27 15:45,53,5,1,2017-12-24T14:59:59.880Z,2017-12-24T14:59:59.880Z,444
2017/12/27 16:15,3,5,1,2017-12-24T14:59:59.880Z,2017-12-24T14:59:59.880Z,445
2017/12/27 16:40,52,5,1,2017-12-24T14:59:59.880Z,2017-12-24T14:59:59.880Z,446
2017/12/27 17:10,63,5,1,2017-12-24T14:59:59.880Z,2017-12-24T14:59:59.880Z,447
2017/12/27 17:40,78,5,1,2017-12-24T14:59:59.880Z,2017-12-24T14:59:59.880Z,448
2017/12/27 18:10,55,5,1,2017-12-24T14:59:59.880Z,2017-12-24T14:59:59.880Z,449
2017/12/27 18:35,87,5,1,2017-12-24T14:59:59.880Z,2017-12-24T14:59:59.880Z,450
2017/12/27 19:35,97,5,1,2017-12-24T14:59:59.880Z,2017-12-24T14:59:59.880Z,451
2017/12/27 20:05,58,5,1,2017-12-24T14:59:59.880Z,2017-12-24T14:59:59.880Z,452
2017/12/27 20:30,7,5,1,2017-12-24T14:59:59.880Z,2017-12-24T14:59:59.880Z,453
2017/12/27 21:05,80,5,1,2017-12-24T14:59:59.880Z,2017-12-24T14:59:59.880Z,454
2017/12/27 21:30,36,5,1,2017-12-24T14:59:59.880Z,2017-12-24T14:59:59.880Z,455
2017/12/27 22:00,18,5,1,2017-12-24T14:59:59.880Z,2017-12-24T14:59:59.880Z,456
2017/12/27 22:25,55,5,1,2017-12-24T14:59:59.880Z,2017-12-24T14:59:59.880Z,457
2017/12/27 23:25,45,5,1,2017-12-24T14:59:59.880Z,2017-12-24T14:59:59.880Z,458
2017/12/27 23:55,52,5,1,2017-12-24T14:59:59.880Z,2017-12-24T14:59:59.880Z,459
2017/12/27 00:20,95,5,1,2017-12-24T14:59:59.880Z,2017-12-24T14:59:59.880Z,460
2017/12/27 00:55,39,5,1,2017-12-24T14:59:59.880Z,2017-12-24T14:59:59.880Z,461
2017/12/27 00:05,99,5,9,2017-12-24T14:59:59.880Z,2017-12-24T14:59:59.880Z,462
2017/12/27 00:40,14,5,9,2017-12-24T14:59:59.880Z,2017-12-24T14:59:59.880Z,463
2017/12/27 01:40,37,5,9,2017-12-24T14:59:59.880Z,2017-12-24T14:59:59.880Z,464
2017/12/27 09:50,40,5,9,2017-12-24T14:59:59.880Z,2017-12-24T14:59:59.880Z,465
2017/12/27 10:50,13,5,9,2017-12-24T14:59:59.880Z,2017-12-24T14:59:59.880Z,466
2017/12/27 11:45,37,5,9,2017-12-24T14:59:59.880Z,2017-12-24T14:59:59.880Z,467
2017/12/27 12:45,30,5,9,2017-12-24T14:59:59.880Z,2017-12-24T14:59:59.880Z,468
2017/12/27 13:40,79,5,9,2017-12-24T14:59:59.880Z,2017-12-24T14:59:59.880Z,469
2017/12/27 14:15,22,5,9,2017-12-24T14:59:59.880Z,2017-12-24T14:59:59.880Z,470
2017/12/27 14:40,19,5,9,2017-12-24T14:59:59.880Z,2017-12-24T14:59:59.880Z,471
2017/12/27 15:35,8,5,9,2017-12-24T14:59:59.880Z,2017-12-24T14:59:59.880Z,472
2017/12/27 16:35,49,5,9,2017-12-24T14:59:59.880Z,2017-12-24T14:59:59.880Z,473
2017/12/27 17:30,57,5,9,2017-12-24T14:59:59.880Z,2017-12-24T14:59:59.880Z,474
2017/12/27 18:30,51,5,9,2017-12-24T14:59:59.880Z,2017-12-24T14:59:59.880Z,475
2017/12/27 19:25,18,5,9,2017-12-24T14:59:59.880Z,2017-12-24T14:59:59.880Z,476
2017/12/27 20:25,27,5,9,2017-12-24T14:59:59.880Z,2017-12-24T14:59:59.880Z,477
2017/12/27 21:20,78,5,9,2017-12-24T14:59:59.880Z,2017-12-24T14:59:59.880Z,478
2017/12/27 22:20,75,5,9,2017-12-24T14:59:59.880Z,2017-12-24T14:59:59.880Z,479
2017/12/27 23:15,88,5,9,2017-12-24T14:59:59.880Z,2017-12-24T14:59:59.880Z,480
2017/12/27 23:55,66,5,9,2017-12-24T14:59:59.880Z,2017-12-24T14:59:59.880Z,481
2017/12/27 00:35,86,5,9,2017-12-24T14:59:59.880Z,2017-12-24T14:59:59.880Z,482
2017/12/27 01:40,74,5,9,2017-12-24T14:59:59.880Z,2017-12-24T14:59:59.880Z,483
2017/12/27 10:20,25,5,4,2017-12-24T14:59:59.880Z,2017-12-24T14:59:59.880Z,484
2017/12/27 12:10,86,5,4,2017-12-24T14:59:59.880Z,2017-12-24T14:59:59.880Z,485
2017/12/27 13:15,9,5,4,2017-12-24T14:59:59.880Z,2017-12-24T14:59:59.880Z,486
2017/12/27 14:00,6,5,4,2017-12-24T14:59:59.880Z,2017-12-24T14:59:59.880Z,487
2017/12/27 15:50,79,5,4,2017-12-24T14:59:59.880Z,2017-12-24T14:59:59.880Z,488
2017/12/27 17:40,25,5,4,2017-12-24T14:59:59.880Z,2017-12-24T14:59:59.880Z,489
2017/12/27 19:30,70,5,4,2017-12-24T14:59:59.880Z,2017-12-24T14:59:59.880Z,490
2017/12/27 21:20,1,5,4,2017-12-24T14:59:59.880Z,2017-12-24T14:59:59.880Z,491
2017/12/27 22:20,2,5,4,2017-12-24T14:59:59.880Z,2017-12-24T14:59:59.880Z,492
2017/12/27 23:10,48,5,4,2017-12-24T14:59:59.880Z,2017-12-24T14:59:59.880Z,493
2017/12/27 10:10,53,5,15,2017-12-24T14:59:59.880Z,2017-12-24T14:59:59.880Z,494
2017/12/27 19:10,37,5,15,2017-12-24T14:59:59.880Z,2017-12-24T14:59:59.880Z,495
2017/12/27 21:10,66,5,15,2017-12-24T14:59:59.880Z,2017-12-24T14:59:59.880Z,496
2017/12/27 10:30,71,5,11,2017-12-24T14:59:59.880Z,2017-12-24T14:59:59.880Z,497
2017/12/27 12:20,34,5,11,2017-12-24T14:59:59.880Z,2017-12-24T14:59:59.880Z,498
2017/12/27 14:10,59,5,11,2017-12-24T14:59:59.880Z,2017-12-24T14:59:59.880Z,499
2017/12/27 16:00,86,5,11,2017-12-24T14:59:59.880Z,2017-12-24T14:59:59.880Z,500
2017/12/27 17:50,43,5,11,2017-12-24T14:59:59.880Z,2017-12-24T14:59:59.880Z,501
2017/12/27 19:40,23,5,11,2017-12-24T14:59:59.880Z,2017-12-24T14:59:59.880Z,502
2017/12/27 20:40,64,5,11,2017-12-24T14:59:59.880Z,2017-12-24T14:59:59.880Z,503
2017/12/27 21:30,85,5,11,2017-12-24T14:59:59.880Z,2017-12-24T14:59:59.880Z,504
2017/12/27 22:30,97,5,11,2017-12-24T14:59:59.880Z,2017-12-24T14:59:59.880Z,505
2017/12/27 23:20,37,5,11,2017-12-24T14:59:59.880Z,2017-12-24T14:59:59.880Z,506
2017/12/27 10:30,2,5,12,2017-12-24T14:59:59.880Z,2017-12-24T14:59:59.880Z,507
2017/12/27 12:30,22,5,12,2017-12-24T14:59:59.880Z,2017-12-24T14:59:59.880Z,508
2017/12/27 17:10,62,5,12,2017-12-24T14:59:59.880Z,2017-12-24T14:59:59.880Z,509
2017/12/27 21:50,24,5,12,2017-12-24T14:59:59.880Z,2017-12-24T14:59:59.880Z,510
2017/12/27 10:30,42,5,16,2017-12-24T14:59:59.880Z,2017-12-24T14:59:59.880Z,511
2017/12/27 15:25,28,5,16,2017-12-24T14:59:59.880Z,2017-12-24T14:59:59.880Z,512
2017/12/27 19:10,64,5,16,2017-12-24T14:59:59.880Z,2017-12-24T14:59:59.880Z,513
2017/12/27 21:15,23,5,16,2017-12-24T14:59:59.880Z,2017-12-24T14:59:59.880Z,514
2017/12/27 10:50,76,5,17,2017-12-24T14:59:59.880Z,2017-12-24T14:59:59.880Z,515
2017/12/27 11:20,65,5,17,2017-12-24T14:59:59.880Z,2017-12-24T14:59:59.880Z,516
2017/12/27 12:00,48,5,17,2017-12-24T14:59:59.880Z,2017-12-24T14:59:59.880Z,517
2017/12/27 12:40,12,5,17,2017-12-24T14:59:59.880Z,2017-12-24T14:59:59.880Z,518
2017/12/27 13:10,11,5,17,2017-12-24T14:59:59.880Z,2017-12-24T14:59:59.880Z,519
2017/12/27 13:50,62,5,17,2017-12-24T14:59:59.880Z,2017-12-24T14:59:59.880Z,520
2017/12/27 14:30,81,5,17,2017-12-24T14:59:59.880Z,2017-12-24T14:59:59.880Z,521
2017/12/27 15:00,27,5,17,2017-12-24T14:59:59.880Z,2017-12-24T14:59:59.880Z,522
2017/12/27 15:40,54,5,17,2017-12-24T14:59:59.880Z,2017-12-24T14:59:59.880Z,523
2017/12/27 16:20,4,5,17,2017-12-24T14:59:59.880Z,2017-12-24T14:59:59.880Z,524
2017/12/27 16:50,13,5,17,2017-12-24T14:59:59.880Z,2017-12-24T14:59:59.880Z,525
2017/12/27 17:30,7,5,17,2017-12-24T14:59:59.880Z,2017-12-24T14:59:59.880Z,526
2017/12/27 18:10,40,5,17,2017-12-24T14:59:59.880Z,2017-12-24T14:59:59.880Z,527
2017/12/27 18:40,6,5,17,2017-12-24T14:59:59.880Z,2017-12-24T14:59:59.880Z,528
2017/12/27 19:20,29,5,17,2017-12-24T14:59:59.880Z,2017-12-24T14:59:59.880Z,529
2017/12/27 20:00,44,5,17,2017-12-24T14:59:59.880Z,2017-12-24T14:59:59.880Z,530
2017/12/27 20:30,38,5,17,2017-12-24T14:59:59.880Z,2017-12-24T14:59:59.880Z,531
2017/12/27 21:10,2,5,17,2017-12-24T14:59:59.880Z,2017-12-24T14:59:59.880Z,532
2017/12/27 22:00,99,5,17,2017-12-24T14:59:59.880Z,2017-12-24T14:59:59.880Z,533
2017/12/27 23:00,6,5,17,2017-12-24T14:59:59.880Z,2017-12-24T14:59:59.880Z,534
2017/12/27 23:50,87,5,17,2017-12-24T14:59:59.880Z,2017-12-24T14:59:59.880Z,535
2017/12/27 10:10,9,5,21,2017-12-24T14:59:59.880Z,2017-12-24T14:59:59.880Z,536
2017/12/27 14:15,60,5,21,2017-12-24T14:59:59.880Z,2017-12-24T14:59:59.880Z,537
2017/12/27 16:10,94,5,21,2017-12-24T14:59:59.880Z,2017-12-24T14:59:59.880Z,538
2017/12/27 18:05,78,5,21,2017-12-24T14:59:59.880Z,2017-12-24T14:59:59.880Z,539
2017/12/27 20:00,31,5,21,2017-12-24T14:59:59.880Z,2017-12-24T14:59:59.880Z,540
2017/12/27 00:00,39,5,13,2017-12-24T14:59:59.880Z,2017-12-24T14:59:59.880Z,541
2017/12/27 09:20,63,5,13,2017-12-24T14:59:59.880Z,2017-12-24T14:59:59.880Z,542
2017/12/27 10:20,24,5,13,2017-12-24T14:59:59.880Z,2017-12-24T14:59:59.880Z,543
2017/12/27 11:30,15,5,13,2017-12-24T14:59:59.880Z,2017-12-24T14:59:59.880Z,544
2017/12/27 13:30,89,5,13,2017-12-24T14:59:59.880Z,2017-12-24T14:59:59.880Z,545
2017/12/27 14:30,39,5,13,2017-12-24T14:59:59.880Z,2017-12-24T14:59:59.880Z,546
2017/12/27 16:00,55,5,13,2017-12-24T14:59:59.880Z,2017-12-24T14:59:59.880Z,547
2017/12/27 17:40,11,5,13,2017-12-24T14:59:59.880Z,2017-12-24T14:59:59.880Z,548
2017/12/27 18:40,16,5,13,2017-12-24T14:59:59.880Z,2017-12-24T14:59:59.880Z,549
2017/12/27 20:10,70,5,13,2017-12-24T14:59:59.880Z,2017-12-24T14:59:59.880Z,550
2017/12/27 22:30,44,5,13,2017-12-24T14:59:59.880Z,2017-12-24T14:59:59.880Z,551
2017/12/27 22:50,68,5,13,2017-12-24T14:59:59.880Z,2017-12-24T14:59:59.880Z,552
2017/12/27 00:25,65,5,13,2017-12-24T14:59:59.880Z,2017-12-24T14:59:59.880Z,553
2017/12/27 01:20,45,5,2,2017-12-24T14:59:59.880Z,2017-12-24T14:59:59.880Z,554
2017/12/27 10:50,76,5,2,2017-12-24T14:59:59.880Z,2017-12-24T14:59:59.880Z,555
2017/12/27 12:40,50,5,2,2017-12-24T14:59:59.880Z,2017-12-24T14:59:59.880Z,556
2017/12/27 15:10,27,5,2,2017-12-24T14:59:59.880Z,2017-12-24T14:59:59.880Z,557
2017/12/27 17:05,46,5,2,2017-12-24T14:59:59.880Z,2017-12-24T14:59:59.880Z,558
2017/12/27 19:00,91,5,2,2017-12-24T14:59:59.880Z,2017-12-24T14:59:59.880Z,559
2017/12/27 21:00,52,5,2,2017-12-24T14:59:59.880Z,2017-12-24T14:59:59.880Z,560
2017/12/27 23:30,56,5,2,2017-12-24T14:59:59.880Z,2017-12-24T14:59:59.880Z,561
2017/12/27 01:20,9,5,2,2017-12-24T14:59:59.880Z,2017-12-24T14:59:59.880Z,562
2017/12/27 09:50,16,5,10,2017-12-24T14:59:59.880Z,2017-12-24T14:59:59.880Z,563
2017/12/27 10:40,92,5,10,2017-12-24T14:59:59.880Z,2017-12-24T14:59:59.880Z,564
2017/12/27 12:30,19,5,10,2017-12-24T14:59:59.880Z,2017-12-24T14:59:59.880Z,565
2017/12/27 13:40,9,5,10,2017-12-24T14:59:59.880Z,2017-12-24T14:59:59.880Z,566
2017/12/27 14:20,89,5,10,2017-12-24T14:59:59.880Z,2017-12-24T14:59:59.880Z,567
2017/12/27 16:10,64,5,10,2017-12-24T14:59:59.880Z,2017-12-24T14:59:59.880Z,568
2017/12/27 18:00,10,5,10,2017-12-24T14:59:59.880Z,2017-12-24T14:59:59.880Z,569
2017/12/27 19:50,90,5,10,2017-12-24T14:59:59.880Z,2017-12-24T14:59:59.880Z,570
2017/12/27 21:40,94,5,10,2017-12-24T14:59:59.880Z,2017-12-24T14:59:59.880Z,571
2017/12/27 23:30,96,5,10,2017-12-24T14:59:59.880Z,2017-12-24T14:59:59.880Z,572
2017/12/27 00:00,86,5,6,2017-12-24T14:59:59.880Z,2017-12-24T14:59:59.880Z,573
2017/12/27 10:00,82,5,6,2017-12-24T14:59:59.880Z,2017-12-24T14:59:59.880Z,574
2017/12/27 11:00,37,5,6,2017-12-24T14:59:59.880Z,2017-12-24T14:59:59.880Z,575
2017/12/27 12:00,89,5,6,2017-12-24T14:59:59.880Z,2017-12-24T14:59:59.880Z,576
2017/12/27 13:00,55,5,6,2017-12-24T14:59:59.880Z,2017-12-24T14:59:59.880Z,577
2017/12/27 14:00,50,5,6,2017-12-24T14:59:59.880Z,2017-12-24T14:59:59.880Z,578
2017/12/27 15:00,58,5,6,2017-12-24T14:59:59.880Z,2017-12-24T14:59:59.880Z,579
2017/12/27 16:00,28,5,6,2017-12-24T14:59:59.880Z,2017-12-24T14:59:59.880Z,580
2017/12/27 17:00,71,5,6,2017-12-24T14:59:59.880Z,2017-12-24T14:59:59.880Z,581
2017/12/27 18:00,3,5,6,2017-12-24T14:59:59.880Z,2017-12-24T14:59:59.880Z,582
2017/12/27 19:00,38,5,6,2017-12-24T14:59:59.880Z,2017-12-24T14:59:59.880Z,583
2017/12/27 20:00,10,5,6,2017-12-24T14:59:59.880Z,2017-12-24T14:59:59.880Z,584
2017/12/27 21:00,8,5,6,2017-12-24T14:59:59.880Z,2017-12-24T14:59:59.880Z,585
2017/12/27 22:00,82,5,6,2017-12-24T14:59:59.880Z,2017-12-24T14:59:59.880Z,586
2017/12/27 22:55,87,5,6,2017-12-24T14:59:59.880Z,2017-12-24T14:59:59.880Z,587
2017/12/27 00:00,59,5,6,2017-12-24T14:59:59.880Z,2017-12-24T14:59:59.880Z,588
2017/12/27 00:20,59,5,3,2017-12-24T14:59:59.880Z,2017-12-24T14:59:59.880Z,589
2017/12/27 01:10,55,5,3,2017-12-24T14:59:59.880Z,2017-12-24T14:59:59.880Z,590
2017/12/27 09:20,42,5,3,2017-12-24T14:59:59.880Z,2017-12-24T14:59:59.880Z,591
2017/12/27 11:10,90,5,3,2017-12-24T14:59:59.880Z,2017-12-24T14:59:59.880Z,592
2017/12/27 13:00,61,5,3,2017-12-24T14:59:59.880Z,2017-12-24T14:59:59.880Z,593
2017/12/27 14:50,15,5,3,2017-12-24T14:59:59.880Z,2017-12-24T14:59:59.880Z,594
2017/12/27 15:45,51,5,3,2017-12-24T14:59:59.880Z,2017-12-24T14:59:59.880Z,595
2017/12/27 16:45,47,5,3,2017-12-24T14:59:59.880Z,2017-12-24T14:59:59.880Z,596
2017/12/27 17:35,4,5,3,2017-12-24T14:59:59.880Z,2017-12-24T14:59:59.880Z,597
2017/12/27 18:35,36,5,3,2017-12-24T14:59:59.880Z,2017-12-24T14:59:59.880Z,598
2017/12/27 19:25,90,5,3,2017-12-24T14:59:59.880Z,2017-12-24T14:59:59.880Z,599
2017/12/27 20:25,43,5,3,2017-12-24T14:59:59.880Z,2017-12-24T14:59:59.880Z,600
2017/12/27 21:15,51,5,3,2017-12-24T14:59:59.880Z,2017-12-24T14:59:59.880Z,601
2017/12/27 22:30,39,5,3,2017-12-24T14:59:59.880Z,2017-12-24T14:59:59.880Z,602
2017/12/27 00:20,23,5,3,2017-12-24T14:59:59.880Z,2017-12-24T14:59:59.880Z,603
2017/12/27 01:10,8,5,3,2017-12-24T14:59:59.880Z,2017-12-24T14:59:59.880Z,604
2017/12/27 09:50,6,5,14,2017-12-24T14:59:59.880Z,2017-12-24T14:59:59.880Z,605
2017/12/27 11:35,92,5,14,2017-12-24T14:59:59.880Z,2017-12-24T14:59:59.880Z,606
2017/12/27 13:20,71,5,14,2017-12-24T14:59:59.880Z,2017-12-24T14:59:59.880Z,607
2017/12/27 15:05,75,5,14,2017-12-24T14:59:59.880Z,2017-12-24T14:59:59.880Z,608
2017/12/27 16:05,70,5,14,2017-12-24T14:59:59.880Z,2017-12-24T14:59:59.880Z,609
2017/12/27 16:50,81,5,14,2017-12-24T14:59:59.880Z,2017-12-24T14:59:59.880Z,610
2017/12/27 17:50,27,5,14,2017-12-24T14:59:59.880Z,2017-12-24T14:59:59.880Z,611
2017/12/27 18:35,73,5,14,2017-12-24T14:59:59.880Z,2017-12-24T14:59:59.880Z,612
2017/12/27 19:35,53,5,14,2017-12-24T14:59:59.880Z,2017-12-24T14:59:59.880Z,613
2017/12/27 20:20,56,5,14,2017-12-24T14:59:59.880Z,2017-12-24T14:59:59.880Z,614
2017/12/27 21:20,94,5,14,2017-12-24T14:59:59.880Z,2017-12-24T14:59:59.880Z,615
2017/12/27 22:05,79,5,14,2017-12-24T14:59:59.880Z,2017-12-24T14:59:59.880Z,616
2017/12/27 23:05,28,5,14,2017-12-24T14:59:59.880Z,2017-12-24T14:59:59.880Z,617
2017/12/27 23:50,9,5,14,2017-12-24T14:59:59.880Z,2017-12-24T14:59:59.880Z,618
2017/12/27 09:50,94,5,7,2017-12-24T14:59:59.880Z,2017-12-24T14:59:59.880Z,619
2017/12/27 11:45,56,5,7,2017-12-24T14:59:59.880Z,2017-12-24T14:59:59.880Z,620
2017/12/27 13:40,12,5,7,2017-12-24T14:59:59.880Z,2017-12-24T14:59:59.880Z,621
2017/12/27 15:35,33,5,7,2017-12-24T14:59:59.880Z,2017-12-24T14:59:59.880Z,622
2017/12/27 17:30,21,5,7,2017-12-24T14:59:59.880Z,2017-12-24T14:59:59.880Z,623
2017/12/27 19:25,39,5,7,2017-12-24T14:59:59.880Z,2017-12-24T14:59:59.880Z,624
2017/12/27 21:20,6,5,7,2017-12-24T14:59:59.880Z,2017-12-24T14:59:59.880Z,625
2017/12/27 23:15,31,5,7,2017-12-24T14:59:59.880Z,2017-12-24T14:59:59.880Z,626
2017/12/27 11:00,98,5,5,2017-12-24T14:59:59.880Z,2017-12-24T14:59:59.880Z,627
2017/12/27 12:00,98,5,5,2017-12-24T14:59:59.880Z,2017-12-24T14:59:59.880Z,628
2017/12/27 13:15,75,5,5,2017-12-24T14:59:59.880Z,2017-12-24T14:59:59.880Z,629
2017/12/27 15:05,23,5,5,2017-12-24T14:59:59.880Z,2017-12-24T14:59:59.880Z,630
2017/12/27 16:05,54,5,5,2017-12-24T14:59:59.880Z,2017-12-24T14:59:59.880Z,631
2017/12/27 17:20,13,5,5,2017-12-24T14:59:59.880Z,2017-12-24T14:59:59.880Z,632
2017/12/27 19:10,70,5,5,2017-12-24T14:59:59.880Z,2017-12-24T14:59:59.880Z,633
2017/12/27 20:10,28,5,5,2017-12-24T14:59:59.880Z,2017-12-24T14:59:59.880Z,634
2017/12/27 21:25,55,5,5,2017-12-24T14:59:59.880Z,2017-12-24T14:59:59.880Z,635
2017/12/27 22:25,52,5,5,2017-12-24T14:59:59.880Z,2017-12-24T14:59:59.880Z,636
2017/12/27 23:15,74,5,5,2017-12-24T14:59:59.880Z,2017-12-24T14:59:59.880Z,637
2017/12/27 00:20,17,5,8,2017-12-24T14:59:59.880Z,2017-12-24T14:59:59.880Z,638
2017/12/27 01:40,51,5,8,2017-12-24T14:59:59.880Z,2017-12-24T14:59:59.880Z,639
2017/12/27 10:20,21,5,8,2017-12-24T14:59:59.880Z,2017-12-24T14:59:59.880Z,640
2017/12/27 11:00,84,5,8,2017-12-24T14:59:59.880Z,2017-12-24T14:59:59.880Z,641
2017/12/27 11:40,30,5,8,2017-12-24T14:59:59.880Z,2017-12-24T14:59:59.880Z,642
2017/12/27 12:20,23,5,8,2017-12-24T14:59:59.880Z,2017-12-24T14:59:59.880Z,643
2017/12/27 13:00,38,5,8,2017-12-24T14:59:59.880Z,2017-12-24T14:59:59.880Z,644
2017/12/27 13:40,43,5,8,2017-12-24T14:59:59.880Z,2017-12-24T14:59:59.880Z,645
2017/12/27 14:20,47,5,8,2017-12-24T14:59:59.880Z,2017-12-24T14:59:59.880Z,646
2017/12/27 15:00,74,5,8,2017-12-24T14:59:59.880Z,2017-12-24T14:59:59.880Z,647
2017/12/27 15:40,61,5,8,2017-12-24T14:59:59.880Z,2017-12-24T14:59:59.880Z,648
2017/12/27 16:20,7,5,8,2017-12-24T14:59:59.880Z,2017-12-24T14:59:59.880Z,649
2017/12/27 17:00,1,5,8,2017-12-24T14:59:59.880Z,2017-12-24T14:59:59.880Z,650
2017/12/27 17:40,40,5,8,2017-12-24T14:59:59.880Z,2017-12-24T14:59:59.880Z,651
2017/12/27 18:20,69,5,8,2017-12-24T14:59:59.880Z,2017-12-24T14:59:59.880Z,652
2017/12/27 19:40,75,5,8,2017-12-24T14:59:59.880Z,2017-12-24T14:59:59.880Z,653
2017/12/27 20:20,14,5,8,2017-12-24T14:59:59.880Z,2017-12-24T14:59:59.880Z,654
2017/12/27 21:20,27,5,8,2017-12-24T14:59:59.880Z,2017-12-24T14:59:59.880Z,655
2017/12/27 21:40,53,5,8,2017-12-24T14:59:59.880Z,2017-12-24T14:59:59.880Z,656
2017/12/27 22:20,24,5,8,2017-12-24T14:59:59.880Z,2017-12-24T14:59:59.880Z,657
2017/12/27 23:20,17,5,8,2017-12-24T14:59:59.880Z,2017-12-24T14:59:59.880Z,658
2017/12/27 23:40,35,5,8,2017-12-24T14:59:59.880Z,2017-12-24T14:59:59.880Z,659
2017/12/27 00:20,79,5,8,2017-12-24T14:59:59.880Z,2017-12-24T14:59:59.880Z,660
2017/12/27 01:20,7,5,8,2017-12-24T14:59:59.880Z,2017-12-24T14:59:59.880Z,661
2017/12/27 01:40,33,5,8,2017-12-24T14:59:59.880Z,2017-12-24T14:59:59.880Z,662
2017/12/27 00:40,51,5,18,2017-12-24T14:59:59.880Z,2017-12-24T14:59:59.880Z,663
2017/12/27 09:30,22,5,18,2017-12-24T14:59:59.880Z,2017-12-24T14:59:59.880Z,664
2017/12/27 10:20,15,5,18,2017-12-24T14:59:59.880Z,2017-12-24T14:59:59.880Z,665
2017/12/27 11:20,2,5,18,2017-12-24T14:59:59.880Z,2017-12-24T14:59:59.880Z,666
2017/12/27 12:10,22,5,18,2017-12-24T14:59:59.880Z,2017-12-24T14:59:59.880Z,667
2017/12/27 13:20,56,5,18,2017-12-24T14:59:59.880Z,2017-12-24T14:59:59.880Z,668
2017/12/27 14:20,29,5,18,2017-12-24T14:59:59.880Z,2017-12-24T14:59:59.880Z,669
2017/12/27 15:10,10,5,18,2017-12-24T14:59:59.880Z,2017-12-24T14:59:59.880Z,670
2017/12/27 15:40,99,5,18,2017-12-24T14:59:59.880Z,2017-12-24T14:59:59.880Z,671
2017/12/27 16:10,57,5,18,2017-12-24T14:59:59.880Z,2017-12-24T14:59:59.880Z,672
2017/12/27 17:10,7,5,18,2017-12-24T14:59:59.880Z,2017-12-24T14:59:59.880Z,673
2017/12/27 18:00,8,5,18,2017-12-24T14:59:59.880Z,2017-12-24T14:59:59.880Z,674
2017/12/27 19:00,84,5,18,2017-12-24T14:59:59.880Z,2017-12-24T14:59:59.880Z,675
2017/12/27 19:50,23,5,18,2017-12-24T14:59:59.880Z,2017-12-24T14:59:59.880Z,676
2017/12/27 20:20,92,5,18,2017-12-24T14:59:59.880Z,2017-12-24T14:59:59.880Z,677
2017/12/27 20:50,63,5,18,2017-12-24T14:59:59.880Z,2017-12-24T14:59:59.880Z,678
2017/12/27 21:50,2,5,18,2017-12-24T14:59:59.880Z,2017-12-24T14:59:59.880Z,679
2017/12/27 22:40,7,5,18,2017-12-24T14:59:59.880Z,2017-12-24T14:59:59.880Z,680
2017/12/27 23:40,77,5,18,2017-12-24T14:59:59.880Z,2017-12-24T14:59:59.880Z,681
2017/12/27 00:40,76,5,18,2017-12-24T14:59:59.880Z,2017-12-24T14:59:59.880Z,682
2017/12/27 10:30,7,5,19,2017-12-24T14:59:59.880Z,2017-12-24T14:59:59.880Z,683
2017/12/27 11:45,97,5,19,2017-12-24T14:59:59.880Z,2017-12-24T14:59:59.880Z,684
2017/12/27 12:25,57,5,19,2017-12-24T14:59:59.880Z,2017-12-24T14:59:59.880Z,685
2017/12/27 14:30,16,5,19,2017-12-24T14:59:59.880Z,2017-12-24T14:59:59.880Z,686
2017/12/27 15:30,27,5,19,2017-12-24T14:59:59.880Z,2017-12-24T14:59:59.880Z,687
2017/12/27 16:30,79,5,19,2017-12-24T14:59:59.880Z,2017-12-24T14:59:59.880Z,688
2017/12/27 18:30,88,5,19,2017-12-24T14:59:59.880Z,2017-12-24T14:59:59.880Z,689
2017/12/27 19:20,2,5,19,2017-12-24T14:59:59.880Z,2017-12-24T14:59:59.880Z,690
2017/12/27 20:30,32,5,19,2017-12-24T14:59:59.880Z,2017-12-24T14:59:59.880Z,691
2017/12/27 21:20,43,5,19,2017-12-24T14:59:59.880Z,2017-12-24T14:59:59.880Z,692
2017/12/27 22:30,9,5,19,2017-12-24T14:59:59.880Z,2017-12-24T14:59:59.880Z,693
2017/12/27 23:20,17,5,19,2017-12-24T14:59:59.880Z,2017-12-24T14:59:59.880Z,694
2017/12/27 09:50,24,5,20,2017-12-24T14:59:59.880Z,2017-12-24T14:59:59.880Z,695
2017/12/27 11:40,77,5,20,2017-12-24T14:59:59.880Z,2017-12-24T14:59:59.880Z,696
2017/12/27 13:20,40,5,20,2017-12-24T14:59:59.880Z,2017-12-24T14:59:59.880Z,697
2017/12/27 15:10,27,5,20,2017-12-24T14:59:59.880Z,2017-12-24T14:59:59.880Z,698
2017/12/27 17:00,48,5,20,2017-12-24T14:59:59.880Z,2017-12-24T14:59:59.880Z,699
2017/12/27 18:50,23,5,20,2017-12-24T14:59:59.880Z,2017-12-24T14:59:59.880Z,700
2017/12/27 20:40,84,5,20,2017-12-24T14:59:59.880Z,2017-12-24T14:59:59.880Z,701
2017/12/27 22:30,14,5,20,2017-12-24T14:59:59.880Z,2017-12-24T14:59:59.880Z,702
